{
  "accuracy": 0.9452887537993921,
  "precision": 0.9463251756868777,
  "recall": 0.9452887537993921,
  "f1": 0.9448797988906763,
  "per_class_f1": {
    "Ball_007_1": 0.9254,
    "Ball_014_1": 0.9552,
    "Ball_021_1": 0.8308,
    "IR_007_1": 1.0,
    "IR_014_1": 1.0,
    "IR_021_1": 0.9577,
    "Normal_1": 1.0,
    "OR_007_6_1": 1.0,
    "OR_014_6_1": 0.8169,
    "OR_021_6_1": 0.9796
  },
  "predictions": [
    8,
    5,
    2,
    9,
    3,
    0,
    4,
    3,
    3,
    0,
    7,
    8,
    1,
    0,
    3,
    6,
    4,
    9,
    5,
    2,
    8,
    5,
    7,
    5,
    4,
    3,
    3,
    1,
    6,
    4,
    2,
    6,
    6,
    0,
    1,
    4,
    2,
    8,
    6,
    2,
    9,
    6,
    3,
    6,
    4,
    5,
    6,
    3,
    8,
    1,
    5,
    3,
    6,
    8,
    7,
    3,
    0,
    0,
    5,
    8,
    6,
    1,
    0,
    4,
    5,
    2,
    4,
    0,
    7,
    5,
    0,
    5,
    9,
    0,
    5,
    8,
    3,
    6,
    2,
    7,
    3,
    5,
    4,
    3,
    1,
    4,
    0,
    1,
    5,
    8,
    5,
    1,
    8,
    6,
    4,
    4,
    2,
    1,
    0,
    9,
    9,
    2,
    5,
    9,
    4,
    2,
    3,
    5,
    1,
    7,
    1,
    6,
    5,
    3,
    5,
    5,
    9,
    0,
    2,
    8,
    7,
    7,
    1,
    1,
    6,
    4,
    7,
    3,
    9,
    7,
    8,
    6,
    7,
    3,
    0,
    7,
    2,
    4,
    6,
    5,
    3,
    0,
    9,
    3,
    2,
    1,
    8,
    8,
    6,
    4,
    7,
    4,
    3,
    1,
    7,
    3,
    3,
    9,
    4,
    3,
    9,
    8,
    1,
    1,
    8,
    8,
    0,
    8,
    6,
    7,
    6,
    3,
    4,
    5,
    8,
    5,
    5,
    7,
    6,
    5,
    6,
    8,
    9,
    6,
    6,
    8,
    9,
    5,
    9,
    1,
    2,
    6,
    8,
    3,
    1,
    4,
    0,
    8,
    4,
    3,
    9,
    8,
    3,
    8,
    9,
    1,
    6,
    0,
    7,
    6,
    1,
    9,
    4,
    4,
    2,
    4,
    2,
    0,
    8,
    8,
    6,
    1,
    8,
    2,
    0,
    3,
    2,
    9,
    7,
    6,
    5,
    6,
    7,
    2,
    7,
    7,
    4,
    8,
    1,
    0,
    1,
    0,
    9,
    4,
    1,
    6,
    2,
    5,
    0,
    9,
    7,
    0,
    6,
    2,
    5,
    1,
    4,
    1,
    5,
    6,
    0,
    1,
    0,
    1,
    3,
    2,
    1,
    0,
    2,
    4,
    1,
    3,
    0,
    3,
    3,
    6,
    5,
    2,
    7,
    3,
    5,
    0,
    0,
    0,
    4,
    2,
    4,
    2,
    9,
    8,
    5,
    4,
    6,
    0,
    8,
    5,
    4,
    9,
    6,
    7,
    5,
    4,
    7,
    8,
    9,
    2,
    8,
    3,
    8,
    8,
    7,
    1,
    5,
    5,
    3,
    5,
    2,
    8,
    1,
    0,
    7,
    8,
    9,
    7,
    2,
    4,
    2,
    4,
    7
  ],
  "labels": [
    2,
    5,
    2,
    9,
    3,
    0,
    4,
    3,
    3,
    0,
    7,
    8,
    1,
    0,
    3,
    6,
    4,
    9,
    5,
    2,
    8,
    5,
    7,
    5,
    4,
    3,
    3,
    1,
    6,
    4,
    2,
    6,
    6,
    0,
    1,
    4,
    8,
    8,
    6,
    2,
    9,
    6,
    3,
    6,
    4,
    5,
    6,
    3,
    8,
    1,
    5,
    3,
    6,
    8,
    7,
    3,
    0,
    8,
    5,
    8,
    6,
    1,
    0,
    4,
    5,
    2,
    4,
    0,
    7,
    2,
    0,
    5,
    9,
    0,
    5,
    8,
    3,
    6,
    2,
    7,
    3,
    5,
    4,
    3,
    1,
    4,
    0,
    1,
    5,
    8,
    5,
    1,
    8,
    6,
    4,
    4,
    2,
    1,
    0,
    2,
    9,
    2,
    5,
    9,
    4,
    2,
    3,
    5,
    1,
    7,
    1,
    6,
    5,
    3,
    5,
    2,
    9,
    0,
    2,
    8,
    7,
    7,
    1,
    1,
    6,
    4,
    7,
    3,
    9,
    7,
    8,
    6,
    7,
    3,
    8,
    7,
    2,
    4,
    6,
    2,
    3,
    0,
    9,
    3,
    2,
    1,
    8,
    8,
    6,
    4,
    7,
    4,
    3,
    1,
    7,
    3,
    3,
    9,
    4,
    3,
    9,
    8,
    1,
    1,
    8,
    0,
    0,
    8,
    6,
    7,
    6,
    3,
    4,
    5,
    8,
    5,
    5,
    7,
    6,
    5,
    6,
    8,
    9,
    6,
    6,
    8,
    9,
    5,
    9,
    1,
    2,
    6,
    0,
    3,
    1,
    4,
    0,
    8,
    4,
    3,
    9,
    8,
    3,
    8,
    9,
    1,
    6,
    0,
    7,
    6,
    1,
    9,
    4,
    4,
    8,
    4,
    2,
    0,
    8,
    8,
    6,
    1,
    8,
    2,
    0,
    3,
    2,
    9,
    7,
    6,
    5,
    6,
    7,
    2,
    7,
    7,
    4,
    8,
    1,
    0,
    1,
    0,
    9,
    4,
    1,
    6,
    8,
    5,
    0,
    9,
    7,
    0,
    6,
    2,
    5,
    2,
    4,
    1,
    5,
    6,
    0,
    1,
    0,
    1,
    3,
    2,
    1,
    0,
    2,
    4,
    1,
    3,
    0,
    3,
    3,
    6,
    5,
    2,
    7,
    3,
    5,
    0,
    0,
    0,
    4,
    2,
    4,
    2,
    9,
    2,
    5,
    4,
    6,
    0,
    8,
    5,
    4,
    9,
    6,
    7,
    5,
    4,
    7,
    8,
    9,
    2,
    1,
    3,
    0,
    2,
    7,
    1,
    5,
    5,
    3,
    5,
    2,
    1,
    1,
    0,
    7,
    8,
    9,
    7,
    2,
    4,
    2,
    4,
    7
  ],
  "inference_ms": 0.8934524468111146
}